Feature,Importance
dew_point,0.4957105455114702
LATITUDE,0.20391585541670745
month,0.08338362244538593
day_of_year,0.0799206123661761
sea_level_pressure,0.041188094470218026
sky_condition_height,0.03614969804845057
LONGITUDE,0.023724885159833252
hour,0.018986519299427112
visibility,0.007907591967281502
ELEVATION,0.006825422727585435
wind_speed,0.0022871525874643725
year,0.0
