Feature,Importance
dew_point,0.4740805451310215
LATITUDE,0.10316667867776672
sky_condition_height,0.08280036607205857
hour,0.06818240132688223
LONGITUDE,0.0654560728414529
day_of_year,0.05737450211202066
sea_level_pressure,0.04984453825912365
ELEVATION,0.04289040672395527
wind_speed,0.028821850035693986
month,0.01677232718595068
visibility,0.010610311634073836
year,0.0
